tags,input,
Developers,John Smith is an experienced web developer with expertise in HTML,
Graphic Designer,Sarah Johnson is a talented graphic designer specializing in Adobe Photoshop,
Mobile App Developer,Detail AC0+AC0-oriented Mobile App Developer with 1 year experience in iOS and Android app development. Proficient in Swift,
Interface Designer,An Interface Designer is a skilled professional responsible for shaping the visual and interactive aspects of user interfaces (UIs) across digital platforms and applications. Their primary focus is on creating seamless and engaging user experiences purpose.,
Developer,Develop and maintain user interfaces (UI) for web applications using HTML,
+ACI-ux developer , ui developer+ACI-,Develop and maintain user interfaces (UI) for web applications using HTML,
+ACI-reactdeveloper, cssdeveloper+ACI-,Angular,
cross+AC0-browser ,Angular ,
Full stack development,A Full Stack Developer is a versatile and highly skilled software engineer who possesses expertise in both front+AC0-end and back+AC0-end development. This role involves building and maintaining entire web applications or software solutions,
Full stack development,Design,
Set up and manage databases,including data modeling,
Handle server configuration,deployment,
react developer,A Full Stack Developer is a versatile and highly skilled software engineer who possesses expertise in both front+AC0-end and back+AC0-end development. This role involves building and maintaining entire web applications or software solutions,
Developer,+ACI-Max is software developer using technology is C, C+//0-,Python as beckend+ACI-,
Developer,i am experience with drupal,
NULL,i can use flask and django using python and this is open source framewoks,
Test designation,testers are required to test any project and find the pros and cons.,
Test designation,Test Description,
Developrr,this is tesyt file which is require a tester to test,
Developer,+ACI-Python is an open source community language, so numerous independent programmers are continually building libraries and functionality for it. Professionally+ACI-,
Developer,Test description,
Developer,HTML,
Developer,Fgfdgdf,
Test designation,Key Takeaways. Quality control (QC) is a process through which a business seeks to ensure that product quality is maintained or improved.,
Tester user,Quality control involves testing units and determining if they are within the specifications for the final product,
Tester,A good job description starts with an attention+AC0-grabbing summary of the position and its role within your company,
Senior quality tester,Our electronics firm seeks a Quality Control Inspector who can test,
Developer,We are looking for a talented developer to join our experienced development team. In this role,
Student,Researching and designing new software systems,
Qa,Meeting with development managers to discuss the scope of software projects,
Qa,Test procedure,
Developer,Bachelor+//3//f/9-s degree in computer science,
+ACI-Qa,tester+ACI-,Learn about the key requirements,
Developer,Researching,
+ACI-Qa,testing+ACI-,Identifying areas for modification in existing programs and subsequently developing these modifications,
Developer,It is their responsibility to supervise,
+ACI-Qa, testing+ACI-,A Quality Assurance Specialist is a professional who is responsible for monitoring,
Dev,Software engineers and developers are often specialists in creating and developing web,
Tester,Software developers write code using programming languages,
Qa,Ability to write and edit technical documentation.,
Knowledge of modern HTML/CSS.,Software developers write code using programming languages,
Creative problem+AC0-solving skills,Software developers write code using programming languages,
Strong organizational skills,Ability to work and thrive in a fast paced environment.,
Dev,Ability to work and thrive in a fast paced environment.,
+ACI- experience , network diagnostics+ACI-,Job Summary An Associate Applications Developer works with and supports other developers,
Associate developer,Job Summary An Associate Applications Developer works with and supports other developers,
Dev,An associate web developer is a junior level web developer who tends to the basic responsibilities of the team. As an associate developer,
Test,The role of Test Engineers is to thoroughly check materials,
Engineer,The role of Test Engineers is to thoroughly check materials,
Software Testing Engineer ,The role of Test Engineers is to thoroughly check materials,
Testing engineer,also called a software test engineer,
Developer,Test engineers are responsible for designing and implementing the tests that ensure the quality and the functionality of a product. They are involved in all phases of the testing program,
User,Meeting with the product design team to determine product testing parameters.,
Writing test,Meeting with the product design team to determine product testing parameters.,
Quality Analysts,Meeting with the product design team to determine product testing parameters.,
Qa,Knowledge of diagramming software including Gliffy,
Quality Analysts,A software tester is responsible for designing test scenarios for software usability,
digital marketing,Digital marketing,
Developer,Meeting with the product design team to determine product testing parameters.,
As the name suggests,Object Oriented Programming or OOPs refers to languages that use objects in programming. Object oriented programming aims to implement real world entities like inheritance,
+ACI-C , c+//0- developer+ACI-,Responsible for developing applications and software using the Java programming language,
Junior java Developer,Developed first in 1995 by Sun Microsystems,
Tester,A Java Developer is a programmer who designs,
Developer,A developer is responsible for several Java+AC0-related duties throughout the software development lifecycle,
Developer,developer is responsible for several Java related duties throughout the software development lifecycle,
+ACI-Real estate, consultant , investor+ACI-,Real estate is considered real property that includes land and anything permanently attached to it or built on it,
App developer,An Application Developer is a professional responsible for designing and coding functional software programs and applications. They collaborate with teams to set specifications,
react developer,A React developer uses their programming skills to create JavaScript based applications for web or mobile environments. They typically specialize in front end development,
Manager,A React developer uses their programming skills to create JavaScript based applications for web or mobile environments. They typically specialize in front end development,
+ACI-Manager Job ,Description+ACI-,A React developer uses their programming skills to create JavaScript based applications for web or mobile environments. They typically specialize in front end development,
A Manager,or Supervisor,
Real estate developer,ACI Flats / Apartments,
+ACI-House , Villa+ACI-,Builder Floor,
Mobile Develoer,A mobile app developer uses programming languages and development skills to create,
Ruby developer,purpose language that serves many purposes. Ruby is great for building desktop applications,
+ACI-java,css,html Developer+ACI-,+ACI-A front+AC0-end developer typically knows programming languages like Java, CSS and HTML. They also possess user experience (UX) skills that allow them to optimise+ACI-,
Game Developer,Game developer A game developer is someone who works in video games. Their skills can help them create interactive experiences for users. Game developers,
Automate testing,Able to implement automated testing platforms and unit tests Proficient understanding of code versioning tools. Git,
Game Developer,Game developer A game developer is someone who works in video games. Their skills can help them create interactive experiences for users. Game developers,
Game Developer,Game developer A game developer is someone who works in video games. Their skills can help them create interactive experiences for users. Game developers,
Game Developer,Game developer A game developer is someone who works in video games. Their skills can help them create interactive experiences for users. Game developers,
Game Developer,Game developer A game developer is someone who works in video games. Their skills can help them create interactive experiences for users. Game developers,
Design expert,Design Expert is a piece of software designed to help with the design and interpretation of multi factor experiments,
Design expert,Design Expert is a piece of software designed to help with the design and interpretation of multi factor experiments,
Tester,The required minimum for novice test engineers includes proficiency in English (B1 and higher),
Test,Test,
Test,Test,
+ACI-java,css,html Developer+ACI-,+ACI-A front+AC0-end developer typically knows programming languages like Java, CSS and HTML. They also possess user experience (UX) skills that allow them to optimise+ACI-,
Tester,A front end developer typically knows programming languages like Java,
Test,Test,
Fresher,A front end developer typically knows programming languages like Java,
Technical tech,engineering,
Fresher,A front end developer typically knows programming languages like Java,
Technical tech,engineering,
Test,Test description,
Tester,Game developer A game developer is someone who works in video games. Their skills can help them create interactive experiences for users. Game developers,
Tester,Game developer A game developer is someone who works in video games. Their skills can help them create interactive experiences for users. Game developers,
Tester,Game developer A game developer is someone who works in video games. Their skills can help them create interactive experiences for users. Game developers,
NLP engineer,Natural language processing (NLP) is a branch of artificial intelligence (AI) that enables computers to comprehend,
Data Scientist,Natural language processing (NLP) is a branch of artificial intelligence (AI) that enables computers to comprehend,
Data Scientist,Natural language processing (NLP) is a branch of artificial intelligence (AI) that enables computers to comprehend,
Python Developer,A Python Web Developer is responsible for writing server side web application logic. Python web developers usually develop back end components,
Developer,A Python Web Developer is responsible for writing server side web application logic. Python web developers usually develop back end components,
manager,Accomplishes department objectives by managing staff planning and evaluating department activities. Maintains staff by recruiting,
real estate advisor,Real estate is considered real property that includes land and anything permanently attached to it or built on it,
Android Developer,An Android developer is responsible for developing applications for devices powered by the Android operating system. Due to the fragmentation of this ecosystem,
+ACI-Java , core java+ACI-,An Android developer is responsible for developing applications for devices powered by the Android operating system. Due to the fragmentation of this ecosystem,
Os developer,Operating Systems Programmer reviews,
Neural Developer,The process of neural development can be broadly described as a combination of early intrinsic patterning of nascent circuits followed by extensive and continuing refinement and consolidation to produce mature,
Telecaller,A telecaller is a company representative that contacts the existing or potential prospects with the intention of closing a sale. Given the nature of their job,
+ACI-C , c+//0- developer+ACI-,C+//0- developers often work on both desktop and mobile applications,
Tester,The required minimum for novice test engineers includes proficiency in English (B1 and higher),
Fresher,The required minimum for novice test engineers includes proficiency in English (B1 and higher),
+ACI-Technical, Developers+ACI-,engineering,
Fresher,The required minimum for novice test engineers includes proficiency in English (B1 and higher),
+ACI-Technical , tech+AC0-coding, developer+ACI-,engineering,
Test,The required minimum for novice test engineers includes proficiency in English (B1 and higher),
Security,The required minimum for novice test engineers includes proficiency in English (B1 and higher),
+ACI-Security,firewall,hackers+ACI-,The required minimum for novice test engineers includes proficiency in English (B1 and higher),
Cybersecurity engineers,sometimes called information security engineers,
Hardware Engineer,Hardware engineers design and develop computer systems and their physical components. Their work also involves the extensive testing and modification of initial designs,
Fresher,The required minimum for novice test engineers includes proficiency in English (B1 and higher),
+ACI-Technical jobs,developers,testers,freshers+ACI-,+ACI-i am c, c+//0- experience+ACI-,
Fresher Software Developer,Passionate app developer with a keen eye for detail and a knack for creating user centric,
Drupal Developer,Passionate app developer with a keen eye for detail and a knack for creating user,
PHP developer,Passionate app developer with a keen eye for detail and a knack for creating user,
software Engineer,C+//0- developers are often responsible for designing,
html developer,Using markup languages like HTML to create user friendly web pages,
+ACI-Maintaining , improving website, frontend+AC0-developer+ACI-,Using markup languages like HTML to create user friendly web pages,
+ACI-HTML,web+AC0-developer+ACI-,Using markup languages like HTML to create user friendly web pages,
Director,Director Duties and Responsibilities Develop and implement plans and objectives for the department in an effective and innovative fashion,
Dirctor,Director Duties and Responsibilities Develop and implement plans and objectives for the department in an effective and innovative fashion,
CEO,The chief executive officer (CEO) is the highest ranking person in a company. While every company differs,
Backend Developer,JavaScript: The high level,
+ACI-sql,query language+ACI-,as a query language,
Python,A Python Web Developer is responsible for writing server side web application logic. Python web developers usually develop back end components,
Java,as a query language,
PHP,JavaScript: The high level,
Golang,JavaScript: The high level,
Kotlin,Director Duties and Responsibilities Develop and implement plans and objectives for the department in an effective and innovative fashion,
Ruby,as a query language,
drupal developer,i am frontend developer,
Project Manager,management is required in my company,
Senior Data Engineer,using data science i have beckend experience in python as well as java scripts,
Director Risk Management,i have experience in using fire wall to protect the risk of attacks,
Lead Food Scientist,according to the who food researchers,
Project Manager,i am experience project manager having 5 year of experience,
Lead Database Administrator,hi i have problem in data base structual query,
Freelance Statistical Analyst,work from home is in trend,
Business Development Analyst,bussiness information and strategy,
Intern,hi iam fresher i need job,
Business Analyst,i have experience i power bi using python,
Project Manager,i am project manager at different firm,
advocate,i have experience in fight criminal cases,
Senior Software Engineer,+ACI-i have experience in java,python,react+ACI-,
Project Manager,i am manager by doing civil enginering,
Associate Business Development Analyst,good structural query with development skills,
Senior Medical Writer,i have done with pharmecy,
Data Analyst,experience with python and power bi as well as pivot table,
Graduate Clinical Research Associate,i have done with b pharmacy,
Graduate Clinical Research Associate,i have done with b pharmacy,
Mechanical Engineer,i am fresher in the feild of machanical engineering,
Mobile Engineer,i have done with java and android developmnent and i have experience in same feild,
plumber,i need plumnber because my tab is not working some leakage since tomorrow,
Statistician,A statistician applies statistical methods and models to specific problems in order to develop informed solutions.,
Business Analyst,i have business analitic skills and i am post graduated in m.tech,
Product Manager,i have done b.tech in product management and i need furthur refrences,
Engineer,how many enginneers on this app,
Data Scientist,data scientist is a best approach to build a robot,
+ACI-plumbing,faucet repair,leak repair+ACI-,Leaking faucet repair,
+ACI-plumbing,pipe installation,pipe repair+ACI-,Pipe installation and repair,
Pipe installation and repair,+ACI-plumbing,pipe installation,pipe repair+ACI-,
+ACI-plumbing,water heater installation+ACI-,Clogged drain cleaning,
+ACI-plumbing services,plumbing,emergency plumbing,plumbing services+ACI-,Water heater installation,
+ACI-plumbing,bathroom renovation,plumbing services+ACI-,Emergency plumbing services,
+ACI-plumbing,sewer line inspection,sewer line repair+ACI-,Bathroom remodel,
+ACI-plumbing,fixture replacement+ACI-,Sewer line inspection and repair,
+ACI-plumbing,emergency plumbing,24/7 plumbing+ACI-,Fixture replacement,
+ACI-plumbing,emergency plumbing,24/7 plumbing+ACI-,24/7 plumbing service,
+ACI-website,react,js,web development,frontend+ACI-,Building a responsive e+AC0-commerce website,
+ACI-Redux,react,redux,js,frontend+ACI-,Implementing state management with Redux,
+ACI-react,js,forms,frontend+ACI-,Creating a dynamic form with React hooks,
+ACI-react,js,performance,frontend+ACI-,Optimizing performance in a React application,
+ACI-js,node.js,backend+ACI-,Developing a RESTful API with Node.js and Express,
+ACI-react,js,api integration,frontend+ACI-,Integrating third+AC0-party APIs in a React application,
+ACI-react,js,testing,frontend+ACI-,Testing React components with Jest and Enzyme,
+ACI-Firebase,react,js,authentication,frontend+ACI-,Implementing authentication with Firebase,
+ACI-Socket.io,react,js,real+AC0-time,frontend+ACI-,Building a real+AC0-time chat application with Socket.io,
+ACI-React,react,js,migration,frontend+ACI-,Migrating a legacy jQuery application to React,
+ACI-python,web scraping,data extraction+ACI-,Developing a web scraper using BeautifulSoup and Requests,
Building a RESTful API ,+ACI-Flask,python,flask,web development,backend+ACI-,
machine learning ,+ACI-python,machine learning,scikit+AC0-learn,data science+ACI-,
+ACI-Django web, python developer,flask developer+ACI-,+ACI-python,django,web development,backend+ACI-,
Python scripts,+ACI-python,automation,scripting+ACI-,
Data analysis and visualization with Pandas and Matplotlib,+ACI-python,data analysis,data visualization+ACI-,
+ACI-Developing,developer,applications+ACI-,+ACI-python,chatbot,artificial intelligence+ACI-,
Flask web ,+ACI-python,flask,web development,backend+ACI-,
SQLAlchemy,+ACI-python,sqlalchemy,databases+ACI-,
Implementing unit tests with PyTest,+ACI-python,testing,pytest+ACI-,
+ACI-law,employment law,legal consultation+ACI-,Drafting a legal contract for business partnership,
+ACI-law,employment law,legal consultation+ACI-,Providing legal advice on intellectual property rights,
+ACI-wills,legal services+ACI-,Representing clients in family court for divorce proceedings,
+ACI-law,personal injury,negotiation,legal representation+ACI-,Preparing a will and estate planning,
+ACI-law,employment law,legal consultation+ACI-,Negotiating settlements in personal injury cases,
legal consultation,Legal consultation on employment law issues,
+ACI-legal defense,legal representation+ACI-,Handling criminal defense cases in court,
+ACI-law,commercial law,legal review,contracts+ACI-,Reviewing and advising on commercial lease agreements,
+ACI-law,real estate,legal assistance+ACI-,Assisting clients in real estate transactions,
+ACI-law,mediation,dispute resolution,legal services+ACI-,Mediating disputes between parties,
+ACI-infections,doctor,medicine,respiratory infections,healthcare+ACI-,+ACI-Diagnosing and treating respiratory infections,+ACI-,
+ACI-physical examination,health checkup,healthcare+ACI-,Performing a routine physical examination,
+ACI-doctor,cardiovascular assessment,cardiology,healthcare+ACI-,Performing a routine physical examination,
+ACI-surgery,appendicitis,healthcare+ACI-,Conducting a comprehensive cardiovascular,
+ACI-obstetrics,prenatal care,healthcare+ACI-,Providing prenatal care for expectant mothers,
+ACI-endocrinology,diabetes treatment,healthcare+ACI-,+ACI-Emergency room response to trauma cases,+ACI-,
+ACI-trauma response,healthcare+ACI-,+ACI-Emergency room response to trauma cases,+ACI-,
+ACI-doctor,psychiatry,psychological assessment,healthcare+ACI-,Conducting psychological assessments,
+ACI-vaccinations,healthcare+ACI-,Performing routine vaccinations for children,
+ACI-medical research,healthcare+ACI-,Participating in medical research studies,
+ACI-lawyer,advocates,legal advisors+ACI-,I need some legal advices,
+ACI-lawyer,advocates,legal advisors+ACI-,I need some legal advices,
+ACI-lawyer,advocates,legal advisors+ACI-,I need some legal advices,
+ACI-lawyer,advocates,legal advisors+ACI-,for legal advice legal actions,
lawyer,for legal advice legal actions,
+ACI-HR,management,employees+ACI-,human resources,
+ACI-training,development,HR+ACI-,employee training,
+ACI-recruitment,HR,employment+ACI-,recruitment process,
+ACI-benefits,compensation,HR+ACI-,employee benefits,
+ACI-diversity,inclusion,HR+ACI-,workplace diversity,
+ACI-appraisal,feedback,HR+ACI-,performance appraisal,
+ACI-relations,communication,HR+ACI-,employee relations,
+ACI-policies,compliance,HR+ACI-,workplace policies,
+ACI-engagement,motivation,HR+ACI-,employee engagement,
+ACI-safety,health,HR+ACI-,workplace safety,
+ACI-programming,coding,software engineering+ACI-,software development,
+ACI-frontend,backend,software engineering+ACI-,web development,
+ACI-cloud services,software engineering+ACI-,mobile app development,
+ACI-cloud services,software engineering+ACI-,algorithm design,
+ACI-cloud services,software engineering+ACI-,database management,
+ACI-cloud services,software engineering+ACI-,software testing,
software engineering,software architecture,
software engineering,machine learning,
+ACI-cloud services,software engineering+ACI-,cloud computing,
+ACI-scrum,agile development,software engineering+ACI-,agile methodology,
software engineering,+ACI-cloud services,software engineering+ACI-,
+ACI-structural analysis,design,civil engineering+ACI-,structural engineering,
+ACI-road design,transportation,civil engineering+ACI-,road construction,
+ACI-environmental impact assessment,civil engineering+ACI-,environmental engineering,
+ACI-foundation engineering,civil engineering+ACI-,foundation design,
+ACI-material science,civil engineering+ACI-,construction materials,
+ACI-geotechnics,soil mechanics,civil engineering+ACI-,geotechnical engineering,
+ACI-water management,civil engineering+ACI-,water resources engineering,
+ACI-quality assurance,construction,civil engineering+ACI-,structural inspection,
+ACI-city development,infrastructure,civil engineering+ACI-,urban planning,
+ACI-construction project management,civil engineering+ACI-,project management,
+ACI-SEO,web traffic,search experience+ACI-,search engine optimization,
+ACI-query optimization,search algorithms,search experience+ACI-,user query analysis,
+ACI-natural language processing,search experience+ACI-,semantic search,
+ACI-UI/UX design,search experience+ACI-,user interface design,
+ACI-suggested searches,search experience+ACI-,autocomplete suggestions,
+ACI-ranking algorithms,search experience+ACI-,relevance ranking,
+ACI-voice recognition,search experience+ACI-,voice search,
+ACI-personalization,search experience+ACI-,personalized search,
+ACI-search performance metrics,search experience+ACI-,search analytics,
+ACI-result display,search experience+ACI-,search result presentation,
+ACI-job search,software fresher+ACI-,software developer jobs,
+ACI-programming basics,software fresher+ACI-,programming languages for beginners,
software fresher,+ACI-programming languages for beginners,programming basics+ACI-,
software fresher,resume writing tips,
software fresher,interview preparation tips,
software fresher,coding practice platforms,
software fresher,online courses for software development,
software fresher,software internship opportunities,
software fresher,coding challenges for beginners,
software fresher,software development communities,
software fresher,+ACI-tech industry news,industry updates+ACI-,
+ACI-PHP,web development+ACI-,Laravel tutorials,
+ACI-Laravel,PHP,programming+ACI-,best practices in Laravel,
+ACI-Django,web frameworks+ACI-,Laravel vs Django,
+ACI-Python,programming,beginner+ACI-,learning Python for beginners,
+ACI-JavaScript,web development+ACI-,JavaScript frameworks comparison,
+ACI-Vue,JavaScript,frontend+ACI-,React vs Vue,
+ACI-Java programming,Java,programming+ACI-,best practices in Java programming,
+ACI-C+//0-,programming+ACI-,getting started with C,
+ACI-Ruby on Rails,Ruby,web development+ACI-,Ruby on Rails tutorials,
+ACI-Swift,programming,iOS development+ACI-,Swift programming basics,
+ACI-SQL,database development+ACI-,learning SQL for databases,
+ACI-.NET,Java,programming,languages comparison+ACI-,.NET vs Java,
+ACI-Python,programming,debugging+ACI-,fixing common Python errors,
+ACI-JavaScript,web development,debugging+ACI-,JavaScript runtime error solutions,
+ACI-SQL,database,debugging+ACI-,troubleshooting SQL query issues,
+ACI-PHP,programming,debugging+ACI-,PHP error messages and solutions,
+ACI-Java,Java,programming,debugging+ACI-,best practices for error handling in Java,
+ACI-frontend,web development,debugging+ACI-,common issues in front+AC0-end development ,
+ACI-software architecture,experts+ACI-,expert advice on software architecture ,
+ACI-programming,experts+ACI-,+ACI-finding coding mentors,mentoring+ACI-,
+ACI-consulting,technology,experts+ACI-,tips for hiring a technology consultant,
+ACI-community,technical support,experts+ACI-,reaching out to technical communities,
+ACI-programming,forums,experts+ACI-,best online forums for programming help,
+ACI-home improvement,contractor+ACI-,finding a reliable home contractor,
+ACI-construction,contractor+ACI-,hiring a general contractor,
+ACI-electrical work,contractor+ACI-,choosing an electrical contractor,
+ACI-plumbing,contractor +ACI-,plumbing services contractor,
+ACI-home renovation,contractor+ACI-,renovation contractor reviews,
+ACI-commercial projects,contractor+ACI-,commercial construction contractors,
+ACI-landscaping,contractor+ACI-,landscape design and build contractor,
+ACI-painting,contractor+ACI-,painting contractor services,
+ACI-roofing,contractor+ACI-,roofing contractor recommendations,
+ACI-HVAC services,contractor+ACI-,hiring an HVAC contractor,
+ACI-hiring tips,contractor+ACI-,questions to ask before hiring a contractor,
+ACI-web hosting,servers+ACI-,i am stuck opnser,
+ACI-web hosting,servers+ACI-,setting up a web server,
+ACI-server security,servers+ACI-,best practices for server security,
+ACI-cloud computing,servers+ACI-,choosing a cloud server provider,
+ACI-server maintenance,servers+ACI-,troubleshooting common server issues,
+ACI-performance tuning,servers+ACI-,server performance optimization tips,
+ACI-operating systems,servers+ACI-,comparison of server operating systems,
+ACI-hosting services,servers+ACI-,finding a reliable server hosting provider,
+ACI-virtual servers,technology+ACI-,virtualization technology for servers,
+ACI-home server,servers+ACI-,setting up a home server ,
+ACI-tools,backup solutions,servers+ACI-,server backup strategies and tools,
+ACI-server monitoring,servers+ACI-,monitoring server health,
modern living room design ideas,modern living room design ideas,
+ACI-small spaces,design solutions,interior design+ACI-,choosing the right color palette,
+ACI-inspiration,bedroom,interior design+ACI-,small space interior design tips,
+ACI-DIY,decorating,interior design+ACI-,trendy bedroom decor inspiration,
+ACI-furniture,decor,interior design+ACI-,DIY home decor projects,
+ACI-open+AC0-concept,interior design+ACI-,finding affordable furniture options,
+ACI-bathroom,interior design+ACI-,open+AC0-concept kitchen design ,
+ACI-vintage,decor,interior design+ACI-,luxurious bathroom design trends,
+ACI-minimalism,design,interior design+ACI-,vintage decor for a retro look,
+ACI-environmentally friendly,design,interior design+ACI-,minimalist home design principles,
eco+AC0-friendly interior design,eco+AC0-friendly interior design,
+ACI-datasets,data science,experts+ACI-,finding open datasets for machine learning,
+ACI-datasets,data cleaning,datasets,experts+ACI-,best practices for data cleaning in datasets,
+ACI-visualization,data analysis,experts+ACI-,choosing a data visualization tool,
+ACI-analytics,data science,experts+ACI-,introduction to data analytics,
+ACI-beginners,preprocessing,data science,experts+ACI-,data preprocessing techniques for beginners,
+ACI-dataset quality,datasets,experts+ACI-,evaluating the quality of a dataset,
+ACI-statistics,data analysis,experts+ACI-,statistical analysis methods for data experts,
+ACI-data privacy,datasets,experts+ACI-,data privacy considerations in handling datasets,
+ACI-machine learning,data science,experts+ACI-,machine learning algorithms for predictive modeling,
+ACI-data sharing,datasets,experts+ACI-,best platforms for sharing and discovering datasets,
+ACI-career advice,data science,experts+ACI-,tips for becoming a data science expert,
+ACI-software,developer,c,c+//0-,python,java,sql developer+ACI-,i am stuck in coding i need some help,
+ACI-python developer,java developer, c, c+//0- developer+ACI-,i am passout student i need jobs,
+ACI-SQL+AC0-query,javaquery+ACI-,i am stuck to understand query language,
+ACI-plumber,construstor+ACI-,i have some leakage in washroom,
+ACI-java developer, python developer, react developer, c and c+//0- developer+ACI-,i need software expert,
+ACI-HR,management,employees, hr department+ACI-,ineed technical job,
technical developer or non technical developer,i start new business i need staff,
+ACI-react developer, js, node js developer+ACI-,stuck in react code,
+ACI-hr,developer,plumber+ACI-,I need a job,
plumber,tabs are leaking,
plumber,tabs , 
